Metric,Value
Total Samples,97522.0
Avg Input Length,36.54386702487644
Avg Output Length,268.0838580012715
Max Output Length,1842.0
Avg Citations,3.2790857447550295
